,year,salary_pred
0,1.0,35445.95962595608
1,1.2,37317.33222466395
2,2.2,46674.19521820331
3,5.4,76616.15679752926
4,11.9,137435.7662555351
5,20.0,213226.35650320386
